Dona,dona121575@example.com,"{""dob"": ""1939-08-18"", ""city"": ""City121652"", ""country"": ""USA""}"
Dona,dona121576@example.com,"{""dob"": ""1994-01-03"", ""city"": ""City121653"", ""country"": ""Vietnam""}"
Dona,dona121577@example.com,"{""dob"": ""2003-08-14"", ""city"": ""City121654"", ""country"": ""Vietnam""}"
Dona,dona121578@example.com,"{""dob"": ""1984-09-09"", ""city"": ""City121655"", ""country"": ""Vietnam""}"
Dona,dona121579@example.com,"{""dob"": ""1981-12-21"", ""city"": ""City121656"", ""country"": ""Yemen""}"
Dona,dona121580@example.com,"{""dob"": ""1996-11-10"", ""city"": ""City121657"", ""country"": ""Yemen""}"
Dona,dona121581@example.com,"{""dob"": ""2013-09-07"", ""city"": ""City121658"", ""country"": ""Zambia""}"
Dona,dona121582@example.com,"{""dob"": ""1946-03-08"", ""city"": ""City121659"", ""country"": ""Uzbekistan""}"
Dona,dona121583@example.com,"{""dob"": ""2002-12-08"", ""city"": ""City121660"", ""country"": ""Vanuatu""}"
Dona,dona121584@example.com,"{""dob"": ""2010-04-13"", ""city"": ""City121661"", ""country"": ""USA""}"
Dona,dona121585@example.com,"{""dob"": ""2008-10-04"", ""city"": ""City121662"", ""country"": ""USA""}"
Dona,dona121586@example.com,"{""dob"": ""1994-11-17"", ""city"": ""City121663"", ""country"": ""Uzbekistan""}"
Dona,dona121587@example.com,"{""dob"": ""1981-10-28"", ""city"": ""City121664"", ""country"": ""Uzbekistan""}"
Dona,dona121588@example.com,"{""dob"": ""2017-08-09"", ""city"": ""City121665"", ""country"": ""UK""}"
Dona,dona121589@example.com,"{""dob"": ""2018-09-16"", ""city"": ""City121666"", ""country"": ""Venezuela""}"
Dona,dona121590@example.com,"{""dob"": ""1936-11-18"", ""city"": ""City121667"", ""country"": ""Vanuatu""}"
Dona,dona121591@example.com,"{""dob"": ""2005-02-13"", ""city"": ""City121668"", ""country"": ""Uruguay""}"
Dona,dona121592@example.com,"{""dob"": ""1987-11-20"", ""city"": ""City121669"", ""country"": ""Vatican City""}"
Dona,dona121593@example.com,"{""dob"": ""1994-10-14"", ""city"": ""City121670"", ""country"": ""Vanuatu""}"
Dona,dona121594@example.com,"{""dob"": ""2006-05-11"", ""city"": ""City121671"", ""country"": ""Zimbabwe""}"
Dona,dona121595@example.com,"{""dob"": ""1946-02-10"", ""city"": ""City121672"", ""country"": ""Zimbabwe""}"
Dona,dona121596@example.com,"{""dob"": ""2011-07-09"", ""city"": ""City121673"", ""country"": ""Uzbekistan""}"
Dona,dona121597@example.com,"{""dob"": ""1997-01-25"", ""city"": ""City121674"", ""country"": ""Vietnam""}"
Dona,dona121598@example.com,"{""dob"": ""1943-09-24"", ""city"": ""City121675"", ""country"": ""Zambia""}"
Dona,dona121599@example.com,"{""dob"": ""1955-03-14"", ""city"": ""City121676"", ""country"": ""Zambia""}"
Dona,dona121600@example.com,"{""dob"": ""1935-11-10"", ""city"": ""City121677"", ""country"": ""Zimbabwe""}"
Dona,dona121601@example.com,"{""dob"": ""1964-09-29"", ""city"": ""City121678"", ""country"": ""Uzbekistan""}"
Dona,dona121602@example.com,"{""dob"": ""1955-06-12"", ""city"": ""City121679"", ""country"": ""Vanuatu""}"
Dona,dona121603@example.com,"{""dob"": ""1975-11-02"", ""city"": ""City121680"", ""country"": ""Yemen""}"
Dona,dona121604@example.com,"{""dob"": ""2021-10-03"", ""city"": ""City121681"", ""country"": ""USA""}"
Dona,dona121605@example.com,"{""dob"": ""1982-02-21"", ""city"": ""City121682"", ""country"": ""Venezuela""}"
Dona,dona121606@example.com,"{""dob"": ""2019-08-24"", ""city"": ""City121683"", ""country"": ""Uzbekistan""}"
Dona,dona121607@example.com,"{""dob"": ""2015-06-22"", ""city"": ""City121684"", ""country"": ""Zambia""}"
Dona,dona121608@example.com,"{""dob"": ""1968-09-17"", ""city"": ""City121685"", ""country"": ""Zimbabwe""}"
Dona,dona121609@example.com,"{""dob"": ""1964-11-05"", ""city"": ""City121686"", ""country"": ""Zimbabwe""}"
Dona,dona121610@example.com,"{""dob"": ""2006-01-20"", ""city"": ""City121687"", ""country"": ""Uruguay""}"
Dona,dona121611@example.com,"{""dob"": ""2000-01-08"", ""city"": ""City121688"", ""country"": ""Vatican City""}"
Dona,dona121612@example.com,"{""dob"": ""1994-08-05"", ""city"": ""City121689"", ""country"": ""USA""}"
Dona,dona121613@example.com,"{""dob"": ""2010-11-29"", ""city"": ""City121690"", ""country"": ""Zambia""}"
Dona,dona121614@example.com,"{""dob"": ""1953-04-20"", ""city"": ""City121691"", ""country"": ""Vanuatu""}"
Dona,dona121615@example.com,"{""dob"": ""2009-10-03"", ""city"": ""City121692"", ""country"": ""Vietnam""}"
Dona,dona121616@example.com,"{""dob"": ""1953-11-12"", ""city"": ""City121693"", ""country"": ""Zambia""}"
Dona,dona121617@example.com,"{""dob"": ""2006-02-12"", ""city"": ""City121694"", ""country"": ""Zambia""}"
Dona,dona121618@example.com,"{""dob"": ""2023-07-02"", ""city"": ""City121695"", ""country"": ""Uzbekistan""}"
Dona,dona121619@example.com,"{""dob"": ""2000-10-19"", ""city"": ""City121696"", ""country"": ""Uruguay""}"
Dona,dona121620@example.com,"{""dob"": ""1976-03-15"", ""city"": ""City121697"", ""country"": ""UK""}"
Dona,dona121621@example.com,"{""dob"": ""1961-03-19"", ""city"": ""City121698"", ""country"": ""Vietnam""}"
Dona,dona121622@example.com,"{""dob"": ""1984-10-25"", ""city"": ""City121699"", ""country"": ""Vatican City""}"
Dona,dona121623@example.com,"{""dob"": ""1959-06-09"", ""city"": ""City121700"", ""country"": ""Zambia""}"
Dona,dona121624@example.com,"{""dob"": ""2020-09-02"", ""city"": ""City121701"", ""country"": ""Vatican City""}"
Dona,dona121625@example.com,"{""dob"": ""1983-09-24"", ""city"": ""City121702"", ""country"": ""Vatican City""}"
Dona,dona121626@example.com,"{""dob"": ""1971-01-28"", ""city"": ""City121703"", ""country"": ""Zambia""}"
Dona,dona121627@example.com,"{""dob"": ""1986-07-03"", ""city"": ""City121704"", ""country"": ""Uzbekistan""}"
Dona,dona121628@example.com,"{""dob"": ""1937-11-01"", ""city"": ""City121705"", ""country"": ""Vatican City""}"
Dona,dona121629@example.com,"{""dob"": ""1975-10-15"", ""city"": ""City121706"", ""country"": ""Vanuatu""}"
Dona,dona121630@example.com,"{""dob"": ""1960-08-23"", ""city"": ""City121707"", ""country"": ""Vatican City""}"
Dona,dona121631@example.com,"{""dob"": ""1991-04-05"", ""city"": ""City121708"", ""country"": ""Zimbabwe""}"
Dona,dona121632@example.com,"{""dob"": ""2016-07-30"", ""city"": ""City121709"", ""country"": ""Zambia""}"
Dona,dona121633@example.com,"{""dob"": ""2018-11-05"", ""city"": ""City121710"", ""country"": ""Vanuatu""}"
Dona,dona121634@example.com,"{""dob"": ""1965-04-27"", ""city"": ""City121711"", ""country"": ""Yemen""}"
Dona,dona121635@example.com,"{""dob"": ""2012-02-14"", ""city"": ""City121712"", ""country"": ""Vietnam""}"
Dona,dona121636@example.com,"{""dob"": ""1997-03-02"", ""city"": ""City121713"", ""country"": ""Zambia""}"
Dona,dona121637@example.com,"{""dob"": ""1958-02-25"", ""city"": ""City121714"", ""country"": ""UK""}"
Dona,dona121638@example.com,"{""dob"": ""2019-02-10"", ""city"": ""City121715"", ""country"": ""USA""}"
Dona,dona121639@example.com,"{""dob"": ""1985-12-07"", ""city"": ""City121716"", ""country"": ""Vietnam""}"
Dona,dona121640@example.com,"{""dob"": ""1999-10-31"", ""city"": ""City121717"", ""country"": ""UAE""}"
Dona,dona121641@example.com,"{""dob"": ""1951-06-21"", ""city"": ""City121718"", ""country"": ""Uzbekistan""}"
Dona,dona121642@example.com,"{""dob"": ""2014-07-11"", ""city"": ""City121719"", ""country"": ""Vanuatu""}"
Dona,dona121643@example.com,"{""dob"": ""1989-09-03"", ""city"": ""City121720"", ""country"": ""Uzbekistan""}"
Dona,dona121644@example.com,"{""dob"": ""1968-06-02"", ""city"": ""City121721"", ""country"": ""Uzbekistan""}"
Dona,dona121645@example.com,"{""dob"": ""1986-06-09"", ""city"": ""City121722"", ""country"": ""Uzbekistan""}"
Dona,dona121646@example.com,"{""dob"": ""1977-09-08"", ""city"": ""City121723"", ""country"": ""Vietnam""}"
Dona,dona121647@example.com,"{""dob"": ""1992-03-22"", ""city"": ""City121724"", ""country"": ""Vietnam""}"
Dona,dona121648@example.com,"{""dob"": ""2019-04-17"", ""city"": ""City121725"", ""country"": ""Uruguay""}"
Dona,dona121649@example.com,"{""dob"": ""1946-11-01"", ""city"": ""City121726"", ""country"": ""Yemen""}"
Dona,dona121650@example.com,"{""dob"": ""1987-08-19"", ""city"": ""City121727"", ""country"": ""Zimbabwe""}"
Dona,dona121651@example.com,"{""dob"": ""2016-08-08"", ""city"": ""City121728"", ""country"": ""UAE""}"
Dona,dona121652@example.com,"{""dob"": ""2019-10-14"", ""city"": ""City121729"", ""country"": ""Zimbabwe""}"
Dona,dona121653@example.com,"{""dob"": ""2005-12-16"", ""city"": ""City121730"", ""country"": ""UK""}"
Dona,dona121654@example.com,"{""dob"": ""1991-03-04"", ""city"": ""City121731"", ""country"": ""UK""}"
Dona,dona121655@example.com,"{""dob"": ""1982-11-28"", ""city"": ""City121732"", ""country"": ""Uruguay""}"
Dona,dona121656@example.com,"{""dob"": ""1945-09-26"", ""city"": ""City121733"", ""country"": ""Uzbekistan""}"
Dona,dona121657@example.com,"{""dob"": ""1939-11-05"", ""city"": ""City121734"", ""country"": ""Uruguay""}"
Dona,dona121658@example.com,"{""dob"": ""1978-09-19"", ""city"": ""City121735"", ""country"": ""Venezuela""}"
Dona,dona121659@example.com,"{""dob"": ""1956-03-09"", ""city"": ""City121736"", ""country"": ""Vatican City""}"
Dona,dona121660@example.com,"{""dob"": ""1992-06-24"", ""city"": ""City121737"", ""country"": ""Uzbekistan""}"
Dona,dona121661@example.com,"{""dob"": ""1941-11-14"", ""city"": ""City121738"", ""country"": ""USA""}"
Dona,dona121662@example.com,"{""dob"": ""1981-09-23"", ""city"": ""City121739"", ""country"": ""Vanuatu""}"
Dona,dona121663@example.com,"{""dob"": ""1986-08-17"", ""city"": ""City121740"", ""country"": ""Uruguay""}"
Dona,dona121664@example.com,"{""dob"": ""1948-10-01"", ""city"": ""City121741"", ""country"": ""Zambia""}"
Dona,dona121665@example.com,"{""dob"": ""1983-11-25"", ""city"": ""City121742"", ""country"": ""Venezuela""}"
Dona,dona121666@example.com,"{""dob"": ""1975-11-05"", ""city"": ""City121743"", ""country"": ""Yemen""}"
Dona,dona121667@example.com,"{""dob"": ""1957-11-23"", ""city"": ""City121744"", ""country"": ""Vanuatu""}"
Dona,dona121668@example.com,"{""dob"": ""1964-05-01"", ""city"": ""City121745"", ""country"": ""Uzbekistan""}"
Dona,dona121669@example.com,"{""dob"": ""1947-03-13"", ""city"": ""City121746"", ""country"": ""Zambia""}"
Dona,dona121670@example.com,"{""dob"": ""1963-09-14"", ""city"": ""City121747"", ""country"": ""Vatican City""}"
Dona,dona121671@example.com,"{""dob"": ""2017-05-12"", ""city"": ""City121748"", ""country"": ""UK""}"
Dona,dona121672@example.com,"{""dob"": ""2015-11-09"", ""city"": ""City121749"", ""country"": ""Uruguay""}"
Dona,dona121673@example.com,"{""dob"": ""2008-09-18"", ""city"": ""City121750"", ""country"": ""UAE""}"
Dona,dona121674@example.com,"{""dob"": ""1971-11-26"", ""city"": ""City121751"", ""country"": ""Vatican City""}"
Dona,dona121675@example.com,"{""dob"": ""1974-08-30"", ""city"": ""City121752"", ""country"": ""Zambia""}"
Dona,dona121676@example.com,"{""dob"": ""1951-06-05"", ""city"": ""City121753"", ""country"": ""Uzbekistan""}"
Dona,dona121677@example.com,"{""dob"": ""1971-12-26"", ""city"": ""City121754"", ""country"": ""Uruguay""}"
Dona,dona121678@example.com,"{""dob"": ""1971-11-16"", ""city"": ""City121755"", ""country"": ""USA""}"
Dona,dona121679@example.com,"{""dob"": ""2003-07-04"", ""city"": ""City121756"", ""country"": ""Vietnam""}"
Dona,dona121680@example.com,"{""dob"": ""1935-01-15"", ""city"": ""City121757"", ""country"": ""Vietnam""}"
Dona,dona121681@example.com,"{""dob"": ""1941-08-15"", ""city"": ""City121758"", ""country"": ""UAE""}"
Dona,dona121682@example.com,"{""dob"": ""1936-07-13"", ""city"": ""City121759"", ""country"": ""UK""}"
Dona,dona121683@example.com,"{""dob"": ""1983-11-28"", ""city"": ""City121760"", ""country"": ""Venezuela""}"
Dona,dona121684@example.com,"{""dob"": ""1985-10-22"", ""city"": ""City121761"", ""country"": ""Zambia""}"
Dona,dona121685@example.com,"{""dob"": ""1993-06-20"", ""city"": ""City121762"", ""country"": ""UK""}"
Dona,dona121686@example.com,"{""dob"": ""1936-05-25"", ""city"": ""City121763"", ""country"": ""Venezuela""}"
Dona,dona121687@example.com,"{""dob"": ""1963-07-24"", ""city"": ""City121764"", ""country"": ""Zimbabwe""}"
Dona,dona121688@example.com,"{""dob"": ""2017-09-02"", ""city"": ""City121765"", ""country"": ""Zimbabwe""}"
Dona,dona121689@example.com,"{""dob"": ""1995-12-18"", ""city"": ""City121766"", ""country"": ""Uzbekistan""}"
Dona,dona121690@example.com,"{""dob"": ""1939-01-18"", ""city"": ""City121767"", ""country"": ""UAE""}"
Dona,dona121691@example.com,"{""dob"": ""1952-04-19"", ""city"": ""City121768"", ""country"": ""UAE""}"
Dona,dona121692@example.com,"{""dob"": ""1939-04-04"", ""city"": ""City121769"", ""country"": ""UK""}"
Dona,dona121693@example.com,"{""dob"": ""1983-01-22"", ""city"": ""City121770"", ""country"": ""Venezuela""}"
Dona,dona121694@example.com,"{""dob"": ""1989-02-12"", ""city"": ""City121771"", ""country"": ""Yemen""}"
Dona,dona121695@example.com,"{""dob"": ""1987-05-03"", ""city"": ""City121772"", ""country"": ""Venezuela""}"
Dona,dona121696@example.com,"{""dob"": ""1967-06-24"", ""city"": ""City121773"", ""country"": ""Zambia""}"
Dona,dona121697@example.com,"{""dob"": ""1934-05-05"", ""city"": ""City121774"", ""country"": ""UAE""}"
Dona,dona121698@example.com,"{""dob"": ""1974-10-13"", ""city"": ""City121775"", ""country"": ""Zimbabwe""}"
Dona,dona121699@example.com,"{""dob"": ""1940-07-06"", ""city"": ""City121776"", ""country"": ""Zambia""}"
Dona,dona121700@example.com,"{""dob"": ""1988-01-14"", ""city"": ""City121777"", ""country"": ""Zimbabwe""}"
Dona,dona121701@example.com,"{""dob"": ""1937-03-23"", ""city"": ""City121778"", ""country"": ""Zambia""}"
Dona,dona121702@example.com,"{""dob"": ""1992-04-22"", ""city"": ""City121779"", ""country"": ""USA""}"
Dona,dona121703@example.com,"{""dob"": ""1996-02-04"", ""city"": ""City121780"", ""country"": ""Vatican City""}"
Dona,dona121704@example.com,"{""dob"": ""2002-06-24"", ""city"": ""City121781"", ""country"": ""Zimbabwe""}"
Dona,dona121705@example.com,"{""dob"": ""2017-11-10"", ""city"": ""City121782"", ""country"": ""Zambia""}"
Dona,dona121706@example.com,"{""dob"": ""1944-05-10"", ""city"": ""City121783"", ""country"": ""UK""}"
Dona,dona121707@example.com,"{""dob"": ""2013-08-29"", ""city"": ""City121784"", ""country"": ""Vietnam""}"
Dona,dona121708@example.com,"{""dob"": ""1935-10-20"", ""city"": ""City121785"", ""country"": ""USA""}"
Dona,dona121709@example.com,"{""dob"": ""1988-07-29"", ""city"": ""City121786"", ""country"": ""Vatican City""}"
Dona,dona121710@example.com,"{""dob"": ""1986-10-14"", ""city"": ""City121787"", ""country"": ""UK""}"
Dona,dona121711@example.com,"{""dob"": ""2013-07-31"", ""city"": ""City121788"", ""country"": ""Vanuatu""}"
Dona,dona121712@example.com,"{""dob"": ""2012-01-05"", ""city"": ""City121789"", ""country"": ""Uruguay""}"
Dona,dona121713@example.com,"{""dob"": ""1941-03-01"", ""city"": ""City121790"", ""country"": ""Yemen""}"
Dona,dona121714@example.com,"{""dob"": ""1966-10-26"", ""city"": ""City121791"", ""country"": ""Uruguay""}"
Dona,dona121715@example.com,"{""dob"": ""1950-03-04"", ""city"": ""City121792"", ""country"": ""Uruguay""}"
Dona,dona121716@example.com,"{""dob"": ""2013-09-07"", ""city"": ""City121793"", ""country"": ""Venezuela""}"
Dona,dona121717@example.com,"{""dob"": ""1937-10-08"", ""city"": ""City121794"", ""country"": ""Vatican City""}"
Dona,dona121718@example.com,"{""dob"": ""2010-09-17"", ""city"": ""City121795"", ""country"": ""Vatican City""}"
Dona,dona121719@example.com,"{""dob"": ""2016-06-21"", ""city"": ""City121796"", ""country"": ""UK""}"
Dona,dona121720@example.com,"{""dob"": ""2023-04-20"", ""city"": ""City121797"", ""country"": ""USA""}"
Dona,dona121721@example.com,"{""dob"": ""1943-10-28"", ""city"": ""City121798"", ""country"": ""Zambia""}"
Dona,dona121722@example.com,"{""dob"": ""1990-10-31"", ""city"": ""City121799"", ""country"": ""Vatican City""}"
Dona,dona121723@example.com,"{""dob"": ""1934-10-17"", ""city"": ""City121800"", ""country"": ""Zambia""}"
Dona,dona121724@example.com,"{""dob"": ""2000-03-05"", ""city"": ""City121801"", ""country"": ""Uzbekistan""}"
Dona,dona121725@example.com,"{""dob"": ""1998-05-27"", ""city"": ""City121802"", ""country"": ""Zambia""}"
Dona,dona121726@example.com,"{""dob"": ""1975-08-11"", ""city"": ""City121803"", ""country"": ""Zambia""}"
Dona,dona121727@example.com,"{""dob"": ""1962-01-01"", ""city"": ""City121804"", ""country"": ""Vatican City""}"
Dona,dona121728@example.com,"{""dob"": ""1947-08-12"", ""city"": ""City121805"", ""country"": ""USA""}"
Dona,dona121729@example.com,"{""dob"": ""1945-08-28"", ""city"": ""City121806"", ""country"": ""Uruguay""}"
Dona,dona121730@example.com,"{""dob"": ""1965-03-11"", ""city"": ""City121807"", ""country"": ""Uzbekistan""}"
Dona,dona121731@example.com,"{""dob"": ""1949-05-22"", ""city"": ""City121808"", ""country"": ""Vanuatu""}"
Dona,dona121732@example.com,"{""dob"": ""1951-01-29"", ""city"": ""City121809"", ""country"": ""Uzbekistan""}"
Dona,dona121733@example.com,"{""dob"": ""2021-03-27"", ""city"": ""City121810"", ""country"": ""Yemen""}"
Dona,dona121734@example.com,"{""dob"": ""1965-04-06"", ""city"": ""City121811"", ""country"": ""Uzbekistan""}"
Dona,dona121735@example.com,"{""dob"": ""1970-12-01"", ""city"": ""City121812"", ""country"": ""Vatican City""}"
Dona,dona121736@example.com,"{""dob"": ""1961-12-07"", ""city"": ""City121813"", ""country"": ""UAE""}"
Dona,dona121737@example.com,"{""dob"": ""1947-10-16"", ""city"": ""City121814"", ""country"": ""Vanuatu""}"
Dona,dona121738@example.com,"{""dob"": ""1980-11-02"", ""city"": ""City121815"", ""country"": ""Vietnam""}"
Dona,dona121739@example.com,"{""dob"": ""1960-04-13"", ""city"": ""City121816"", ""country"": ""USA""}"
Dona,dona121740@example.com,"{""dob"": ""1954-02-19"", ""city"": ""City121817"", ""country"": ""USA""}"
Dona,dona121741@example.com,"{""dob"": ""1940-03-01"", ""city"": ""City121818"", ""country"": ""UK""}"
Dona,dona121742@example.com,"{""dob"": ""2015-02-21"", ""city"": ""City121819"", ""country"": ""UAE""}"
Dona,dona121743@example.com,"{""dob"": ""1970-05-29"", ""city"": ""City121820"", ""country"": ""Venezuela""}"
Dona,dona121744@example.com,"{""dob"": ""1936-11-10"", ""city"": ""City121821"", ""country"": ""UAE""}"
Dona,dona121745@example.com,"{""dob"": ""2009-03-12"", ""city"": ""City121822"", ""country"": ""Vatican City""}"
Dona,dona121746@example.com,"{""dob"": ""1997-12-24"", ""city"": ""City121823"", ""country"": ""Zambia""}"
Dona,dona121747@example.com,"{""dob"": ""1945-04-24"", ""city"": ""City121824"", ""country"": ""Uruguay""}"
Dona,dona121748@example.com,"{""dob"": ""1979-01-03"", ""city"": ""City121825"", ""country"": ""Vatican City""}"
Dona,dona121749@example.com,"{""dob"": ""1943-11-21"", ""city"": ""City121826"", ""country"": ""Uruguay""}"
Dona,dona121750@example.com,"{""dob"": ""2005-12-06"", ""city"": ""City121827"", ""country"": ""Uzbekistan""}"
Dona,dona121751@example.com,"{""dob"": ""1969-04-30"", ""city"": ""City121828"", ""country"": ""Yemen""}"
Dona,dona121752@example.com,"{""dob"": ""1940-09-12"", ""city"": ""City121829"", ""country"": ""UK""}"
Dona,dona121753@example.com,"{""dob"": ""2011-08-29"", ""city"": ""City121830"", ""country"": ""Zambia""}"
Dona,dona121754@example.com,"{""dob"": ""1944-03-18"", ""city"": ""City121831"", ""country"": ""Yemen""}"
Dona,dona121755@example.com,"{""dob"": ""1999-12-21"", ""city"": ""City121832"", ""country"": ""Venezuela""}"
Dona,dona121756@example.com,"{""dob"": ""1945-04-26"", ""city"": ""City121833"", ""country"": ""Zimbabwe""}"
Dona,dona121757@example.com,"{""dob"": ""1986-12-06"", ""city"": ""City121834"", ""country"": ""UAE""}"
Dona,dona121758@example.com,"{""dob"": ""2007-10-28"", ""city"": ""City121835"", ""country"": ""Zimbabwe""}"
Dona,dona121759@example.com,"{""dob"": ""1990-11-24"", ""city"": ""City121836"", ""country"": ""Uruguay""}"
Dona,dona121760@example.com,"{""dob"": ""2015-03-01"", ""city"": ""City121837"", ""country"": ""Uruguay""}"
Dona,dona121761@example.com,"{""dob"": ""1955-09-17"", ""city"": ""City121838"", ""country"": ""Yemen""}"
Dona,dona121762@example.com,"{""dob"": ""1952-07-13"", ""city"": ""City121839"", ""country"": ""Vietnam""}"
Dona,dona121763@example.com,"{""dob"": ""1979-05-29"", ""city"": ""City121840"", ""country"": ""UK""}"
Dona,dona121764@example.com,"{""dob"": ""2020-08-22"", ""city"": ""City121841"", ""country"": ""Zambia""}"
Dona,dona121765@example.com,"{""dob"": ""1992-07-04"", ""city"": ""City121842"", ""country"": ""Uruguay""}"
Dona,dona121766@example.com,"{""dob"": ""2002-07-02"", ""city"": ""City121843"", ""country"": ""Zimbabwe""}"
Dona,dona121767@example.com,"{""dob"": ""1967-04-17"", ""city"": ""City121844"", ""country"": ""UAE""}"
Dona,dona121768@example.com,"{""dob"": ""1977-05-04"", ""city"": ""City121845"", ""country"": ""Vanuatu""}"
Dona,dona121769@example.com,"{""dob"": ""1958-02-27"", ""city"": ""City121846"", ""country"": ""USA""}"
Dona,dona121770@example.com,"{""dob"": ""2018-12-18"", ""city"": ""City121847"", ""country"": ""Venezuela""}"
Dona,dona121771@example.com,"{""dob"": ""2015-12-28"", ""city"": ""City121848"", ""country"": ""Yemen""}"
Dona,dona121772@example.com,"{""dob"": ""1975-08-13"", ""city"": ""City121849"", ""country"": ""USA""}"
Dona,dona121773@example.com,"{""dob"": ""1977-12-24"", ""city"": ""City121850"", ""country"": ""USA""}"
Dona,dona121774@example.com,"{""dob"": ""2014-12-15"", ""city"": ""City121851"", ""country"": ""Yemen""}"
