Dona,dona1@example.com,"{""dob"": ""1963-08-04"", ""city"": ""City1"", ""country"": ""US""}"
Dona,dona2@example.com,"{""dob"": ""1990-12-05"", ""city"": ""City2"", ""country"": ""Country2""}"
Dona,dona3@example.com,"{""dob"": ""1968-07-31"", ""city"": ""City3"", ""country"": ""Country3""}"
Dona,dona4@example.com,"{""dob"": ""2019-03-16"", ""city"": ""City4"", ""country"": ""Country4""}"
Dona,dona5@example.com,"{""dob"": ""2014-08-04"", ""city"": ""City5"", ""country"": ""Country5""}"
Dona,dona6@example.com,"{""dob"": ""2002-08-10"", ""city"": ""City6"", ""country"": ""Country6""}"
Dona,dona7@example.com,"{""dob"": ""2008-04-08"", ""city"": ""City7"", ""country"": ""Country7""}"
Dona,dona8@example.com,"{""dob"": ""1985-10-22"", ""city"": ""City8"", ""country"": ""Country8""}"
Dona,dona9@example.com,"{""dob"": ""1976-02-10"", ""city"": ""City9"", ""country"": ""Country9""}"
Dona,dona10@example.com,"{""dob"": ""2006-04-03"", ""city"": ""City10"", ""country"": ""Country10""}"
Dona,dona11@example.com,"{""dob"": ""1987-04-28"", ""city"": ""City11"", ""country"": ""Country11""}"
Dona,dona12@example.com,"{""dob"": ""1962-05-08"", ""city"": ""City12"", ""country"": ""Country12""}"
Dona,dona13@example.com,"{""dob"": ""1990-09-09"", ""city"": ""City13"", ""country"": ""Country13""}"
Dona,dona14@example.com,"{""dob"": ""1959-11-07"", ""city"": ""City14"", ""country"": ""Country14""}"
Dona,dona15@example.com,"{""dob"": ""1954-05-08"", ""city"": ""City15"", ""country"": ""Country15""}"
Dona,dona16@example.com,"{""dob"": ""1950-06-22"", ""city"": ""City16"", ""country"": ""Country16""}"
Dona,dona17@example.com,"{""dob"": ""2012-03-13"", ""city"": ""City17"", ""country"": ""Country17""}"
Dona,dona18@example.com,"{""dob"": ""1969-10-03"", ""city"": ""City18"", ""country"": ""Country18""}"
Dona,dona19@example.com,"{""dob"": ""1950-03-02"", ""city"": ""City19"", ""country"": ""Country19""}"
Dona,dona20@example.com,"{""dob"": ""1974-09-08"", ""city"": ""City20"", ""country"": ""Country20""}"
Dona,dona21@example.com,"{""dob"": ""1977-11-29"", ""city"": ""City21"", ""country"": ""Country21""}"
Dona,dona22@example.com,"{""dob"": ""1982-03-10"", ""city"": ""City22"", ""country"": ""Country22""}"
Dona,dona23@example.com,"{""dob"": ""2016-03-14"", ""city"": ""City23"", ""country"": ""Country23""}"
Dona,dona24@example.com,"{""dob"": ""1991-07-31"", ""city"": ""City24"", ""country"": ""Country24""}"
Dona,dona25@example.com,"{""dob"": ""1972-06-27"", ""city"": ""City25"", ""country"": ""Country25""}"
Dona,dona26@example.com,"{""dob"": ""2002-10-30"", ""city"": ""City26"", ""country"": ""Country26""}"
Dona,dona27@example.com,"{""dob"": ""2008-03-07"", ""city"": ""City27"", ""country"": ""Country27""}"
Dona,dona28@example.com,"{""dob"": ""1959-01-20"", ""city"": ""City28"", ""country"": ""Country28""}"
Dona,dona29@example.com,"{""dob"": ""1944-07-28"", ""city"": ""City29"", ""country"": ""Country29""}"
Dona,dona30@example.com,"{""dob"": ""2011-04-12"", ""city"": ""City30"", ""country"": ""Country30""}"
Dona,dona31@example.com,"{""dob"": ""1962-11-27"", ""city"": ""City31"", ""country"": ""Country31""}"
Dona,dona32@example.com,"{""dob"": ""1999-04-08"", ""city"": ""City32"", ""country"": ""Country32""}"
Dona,dona33@example.com,"{""dob"": ""1989-07-14"", ""city"": ""City33"", ""country"": ""Country33""}"
Dona,dona34@example.com,"{""dob"": ""2017-08-17"", ""city"": ""City34"", ""country"": ""Country34""}"
Dona,dona35@example.com,"{""dob"": ""1990-01-05"", ""city"": ""City35"", ""country"": ""Country35""}"
Dona,dona36@example.com,"{""dob"": ""1982-05-13"", ""city"": ""City36"", ""country"": ""Country36""}"
Dona,dona37@example.com,"{""dob"": ""2019-12-22"", ""city"": ""City37"", ""country"": ""Country37""}"
Dona,dona38@example.com,"{""dob"": ""1937-05-20"", ""city"": ""City38"", ""country"": ""Country38""}"
Dona,dona39@example.com,"{""dob"": ""1977-09-13"", ""city"": ""City39"", ""country"": ""Country39""}"
Dona,dona40@example.com,"{""dob"": ""1981-10-02"", ""city"": ""City40"", ""country"": ""Country40""}"
Dona,dona41@example.com,"{""dob"": ""1966-01-15"", ""city"": ""City41"", ""country"": ""Country41""}"
Dona,dona42@example.com,"{""dob"": ""1937-01-08"", ""city"": ""City42"", ""country"": ""Country42""}"
Dona,dona43@example.com,"{""dob"": ""1937-11-12"", ""city"": ""City43"", ""country"": ""Country43""}"
Dona,dona44@example.com,"{""dob"": ""1988-12-10"", ""city"": ""City44"", ""country"": ""Country44""}"
Dona,dona45@example.com,"{""dob"": ""1976-08-20"", ""city"": ""City45"", ""country"": ""Country45""}"
Dona,dona46@example.com,"{""dob"": ""1985-11-03"", ""city"": ""City46"", ""country"": ""Country46""}"
Dona,dona47@example.com,"{""dob"": ""1941-09-04"", ""city"": ""City47"", ""country"": ""Country47""}"
Dona,dona48@example.com,"{""dob"": ""1940-06-24"", ""city"": ""City48"", ""country"": ""Country48""}"
Dona,dona49@example.com,"{""dob"": ""1993-05-27"", ""city"": ""City49"", ""country"": ""Country49""}"
Dona,dona50@example.com,"{""dob"": ""2019-03-11"", ""city"": ""City50"", ""country"": ""Country50""}"
